plan_id,title,audience,goal,level,duration_days,weeks,days_per_week,equipment,summary,phase_logic,progression_rule,safety_notes,review_status,created_version
PL0001,28 Day Beginner Foundation,general_adult,start_fitness,beginner,28,4,4,none;mat;chair,"Structured 28-day start_fitness plan with progression, recovery days, and swap options.",Week 1 learn form; Week 2 add volume; Week 3 add challenge; Week 4 deload/test or repeat. Longer plans repeat with small increases.,"Only progress when sessions are pain-free and quality is repeatable; otherwise hold, regress, or rest.","Medical clearance required for pregnancy, postpartum, baby, child, pain, chronic conditions, or advanced high-intensity training.",needs_coach_review,v0.1-safe-seed-2026-06-11
PL0002,28 Day Fat Loss Low Impact,general_adult,fat_loss,beginner,28,4,5,none;chair;resistance_band,"Structured 28-day fat_loss plan with progression, recovery days, and swap options.",Week 1 learn form; Week 2 add volume; Week 3 add challenge; Week 4 deload/test or repeat. Longer plans repeat with small increases.,"Only progress when sessions are pain-free and quality is repeatable; otherwise hold, regress, or rest.","Medical clearance required for pregnancy, postpartum, baby, child, pain, chronic conditions, or advanced high-intensity training.",needs_coach_review,v0.1-safe-seed-2026-06-11
PL0003,28 Day Muscle Builder,general_adult,muscle_gain,intermediate,28,4,4,dumbbells;barbell;bench,"Structured 28-day muscle_gain plan with progression, recovery days, and swap options.",Week 1 learn form; Week 2 add volume; Week 3 add challenge; Week 4 deload/test or repeat. Longer plans repeat with small increases.,"Only progress when sessions are pain-free and quality is repeatable; otherwise hold, regress, or rest.","Medical clearance required for pregnancy, postpartum, baby, child, pain, chronic conditions, or advanced high-intensity training.",needs_coach_review,v0.1-safe-seed-2026-06-11
PL0004,8 Week Strength Base,general_adult,strength,beginner,56,8,3,barbell;dumbbells,"Structured 56-day strength plan with progression, recovery days, and swap options.",Week 1 learn form; Week 2 add volume; Week 3 add challenge; Week 4 deload/test or repeat. Longer plans repeat with small increases.,"Only progress when sessions are pain-free and quality is repeatable; otherwise hold, regress, or rest.","Medical clearance required for pregnancy, postpartum, baby, child, pain, chronic conditions, or advanced high-intensity training.",needs_coach_review,v0.1-safe-seed-2026-06-11
PL0005,12 Week Bench 20kg to 50kg Path,general_adult,bench_press_goal,beginner,84,12,3,barbell;bench,"Structured 84-day bench_press_goal plan with progression, recovery days, and swap options.",Week 1 learn form; Week 2 add volume; Week 3 add challenge; Week 4 deload/test or repeat. Longer plans repeat with small increases.,"Only progress when sessions are pain-free and quality is repeatable; otherwise hold, regress, or rest.","Medical clearance required for pregnancy, postpartum, baby, child, pain, chronic conditions, or advanced high-intensity training.",needs_coach_review,v0.1-safe-seed-2026-06-11
PL0006,12 Week 5K From 100m Run Walk,general_adult,run_5k,beginner,84,12,3,none;treadmill,"Structured 84-day run_5k plan with progression, recovery days, and swap options.",Week 1 learn form; Week 2 add volume; Week 3 add challenge; Week 4 deload/test or repeat. Longer plans repeat with small increases.,"Only progress when sessions are pain-free and quality is repeatable; otherwise hold, regress, or rest.","Medical clearance required for pregnancy, postpartum, baby, child, pain, chronic conditions, or advanced high-intensity training.",needs_coach_review,v0.1-safe-seed-2026-06-11
PL0007,4 Week Mobility Reset,general_adult,mobility,beginner,28,4,5,mat;chair;towel,"Structured 28-day mobility plan with progression, recovery days, and swap options.",Week 1 learn form; Week 2 add volume; Week 3 add challenge; Week 4 deload/test or repeat. Longer plans repeat with small increases.,"Only progress when sessions are pain-free and quality is repeatable; otherwise hold, regress, or rest.","Medical clearance required for pregnancy, postpartum, baby, child, pain, chronic conditions, or advanced high-intensity training.",needs_coach_review,v0.1-safe-seed-2026-06-11
PL0008,6 Week Pull Up Builder,general_adult,pull_up_goal,intermediate,42,6,3,pull_up_bar;resistance_band,"Structured 42-day pull_up_goal plan with progression, recovery days, and swap options.",Week 1 learn form; Week 2 add volume; Week 3 add challenge; Week 4 deload/test or repeat. Longer plans repeat with small increases.,"Only progress when sessions are pain-free and quality is repeatable; otherwise hold, regress, or rest.","Medical clearance required for pregnancy, postpartum, baby, child, pain, chronic conditions, or advanced high-intensity training.",needs_coach_review,v0.1-safe-seed-2026-06-11
PL0009,6 Week Push Up Builder,general_adult,push_up_goal,beginner,42,6,3,none;bench,"Structured 42-day push_up_goal plan with progression, recovery days, and swap options.",Week 1 learn form; Week 2 add volume; Week 3 add challenge; Week 4 deload/test or repeat. Longer plans repeat with small increases.,"Only progress when sessions are pain-free and quality is repeatable; otherwise hold, regress, or rest.","Medical clearance required for pregnancy, postpartum, baby, child, pain, chronic conditions, or advanced high-intensity training.",needs_coach_review,v0.1-safe-seed-2026-06-11
PL0010,Advanced Insane Conditioning Block,general_adult,high_performance,advanced,28,4,5,dumbbells;kettlebell;jump_rope;barbell,"Structured 28-day high_performance plan with progression, recovery days, and swap options.",Week 1 learn form; Week 2 add volume; Week 3 add challenge; Week 4 deload/test or repeat. Longer plans repeat with small increases.,"Only progress when sessions are pain-free and quality is repeatable; otherwise hold, regress, or rest.","Medical clearance required for pregnancy, postpartum, baby, child, pain, chronic conditions, or advanced high-intensity training.",needs_coach_review,v0.1-safe-seed-2026-06-11
PL0011,Pregnancy Trimester 1 Movement Base,pregnant_woman,pregnancy_health,beginner,28,4,4,none;chair;resistance_band,"Structured 28-day pregnancy_health plan with progression, recovery days, and swap options.",Week 1 learn form; Week 2 add volume; Week 3 add challenge; Week 4 deload/test or repeat. Longer plans repeat with small increases.,"Only progress when sessions are pain-free and quality is repeatable; otherwise hold, regress, or rest.","Pregnancy professional review required. Keep effort moderate; avoid contact/fall risk, breath holding, overheating, dizziness, bleeding, contractions or pain.",needs_professional_review,v0.1-safe-seed-2026-06-11
PL0012,Pregnancy Trimester 2 Mobility and Strength,pregnant_woman,pregnancy_health,beginner,28,4,4,none;chair;resistance_band,"Structured 28-day pregnancy_health plan with progression, recovery days, and swap options.",Week 1 learn form; Week 2 add volume; Week 3 add challenge; Week 4 deload/test or repeat. Longer plans repeat with small increases.,"Only progress when sessions are pain-free and quality is repeatable; otherwise hold, regress, or rest.","Pregnancy professional review required. Keep effort moderate; avoid contact/fall risk, breath holding, overheating, dizziness, bleeding, contractions or pain.",needs_professional_review,v0.1-safe-seed-2026-06-11
PL0013,Pregnancy Trimester 3 Gentle Prep,pregnant_woman,pregnancy_health,beginner,28,4,4,none;chair,"Structured 28-day pregnancy_health plan with progression, recovery days, and swap options.",Week 1 learn form; Week 2 add volume; Week 3 add challenge; Week 4 deload/test or repeat. Longer plans repeat with small increases.,"Only progress when sessions are pain-free and quality is repeatable; otherwise hold, regress, or rest.","Pregnancy professional review required. Keep effort moderate; avoid contact/fall risk, breath holding, overheating, dizziness, bleeding, contractions or pain.",needs_professional_review,v0.1-safe-seed-2026-06-11
PL0014,Postpartum 6 Plus Week Rebuild,postpartum_parent,postpartum_recovery,beginner,42,6,3,none;mat;chair,"Structured 42-day postpartum_recovery plan with progression, recovery days, and swap options.",Week 1 learn form; Week 2 add volume; Week 3 add challenge; Week 4 deload/test or repeat. Longer plans repeat with small increases.,"Only progress when sessions are pain-free and quality is repeatable; otherwise hold, regress, or rest.","Medical clearance required for pregnancy, postpartum, baby, child, pain, chronic conditions, or advanced high-intensity training.",needs_professional_review,v0.1-safe-seed-2026-06-11
PL0015,Family Active Play Month,child_6_12,family_activity,beginner,28,4,5,none;ball;jump_rope,"Structured 28-day family_activity plan with progression, recovery days, and swap options.",Week 1 learn form; Week 2 add volume; Week 3 add challenge; Week 4 deload/test or repeat. Longer plans repeat with small increases.,"Only progress when sessions are pain-free and quality is repeatable; otherwise hold, regress, or rest.","Medical clearance required for pregnancy, postpartum, baby, child, pain, chronic conditions, or advanced high-intensity training.",needs_professional_review,v0.1-safe-seed-2026-06-11
PL0016,Teen Technique Strength Base,teen_13_17,strength_skill,beginner,42,6,3,none;resistance_band;dumbbells,"Structured 42-day strength_skill plan with progression, recovery days, and swap options.",Week 1 learn form; Week 2 add volume; Week 3 add challenge; Week 4 deload/test or repeat. Longer plans repeat with small increases.,"Only progress when sessions are pain-free and quality is repeatable; otherwise hold, regress, or rest.","Medical clearance required for pregnancy, postpartum, baby, child, pain, chronic conditions, or advanced high-intensity training.",needs_professional_review,v0.1-safe-seed-2026-06-11
PL0017,Young Adult Gym Starter,young_adult_18_25,strength_hypertrophy,beginner,56,8,4,dumbbells;barbell;machines,"Structured 56-day strength_hypertrophy plan with progression, recovery days, and swap options.",Week 1 learn form; Week 2 add volume; Week 3 add challenge; Week 4 deload/test or repeat. Longer plans repeat with small increases.,"Only progress when sessions are pain-free and quality is repeatable; otherwise hold, regress, or rest.","Medical clearance required for pregnancy, postpartum, baby, child, pain, chronic conditions, or advanced high-intensity training.",needs_coach_review,v0.1-safe-seed-2026-06-11
PL0018,Baby Tummy Time Progression,baby_developmental_play,development,baby,28,4,7,mat;soft_toy,"Structured 28-day development plan with progression, recovery days, and swap options.",Week 1 learn form; Week 2 add volume; Week 3 add challenge; Week 4 deload/test or repeat. Longer plans repeat with small increases.,"Only progress when sessions are pain-free and quality is repeatable; otherwise hold, regress, or rest.",Developmental play only; pediatric review required; baby awake/supervised; never force movement.,needs_professional_review,v0.1-safe-seed-2026-06-11
PL0019,Core Beginner 28 Day Plan,general_adult,core,beginner,28,4,4,none;mat;dumbbells;resistance_band,"Structured 28-day core plan with progression, recovery days, and swap options.",Week 1 learn form; Week 2 add volume; Week 3 add challenge; Week 4 deload/test or repeat. Longer plans repeat with small increases.,"Only progress when sessions are pain-free and quality is repeatable; otherwise hold, regress, or rest.","Medical clearance required for pregnancy, postpartum, baby, child, pain, chronic conditions, or advanced high-intensity training.",needs_coach_review,v0.1-safe-seed-2026-06-11
PL0020,Core Intermediate 28 Day Plan,general_adult,core,intermediate,28,4,4,none;mat;dumbbells;resistance_band,"Structured 28-day core plan with progression, recovery days, and swap options.",Week 1 learn form; Week 2 add volume; Week 3 add challenge; Week 4 deload/test or repeat. Longer plans repeat with small increases.,"Only progress when sessions are pain-free and quality is repeatable; otherwise hold, regress, or rest.","Medical clearance required for pregnancy, postpartum, baby, child, pain, chronic conditions, or advanced high-intensity training.",needs_coach_review,v0.1-safe-seed-2026-06-11
PL0021,Core Advanced 28 Day Plan,general_adult,core,advanced,28,4,4,none;mat;dumbbells;resistance_band,"Structured 28-day core plan with progression, recovery days, and swap options.",Week 1 learn form; Week 2 add volume; Week 3 add challenge; Week 4 deload/test or repeat. Longer plans repeat with small increases.,"Only progress when sessions are pain-free and quality is repeatable; otherwise hold, regress, or rest.","Medical clearance required for pregnancy, postpartum, baby, child, pain, chronic conditions, or advanced high-intensity training.",needs_coach_review,v0.1-safe-seed-2026-06-11
PL0022,Glutes Beginner 28 Day Plan,general_adult,glutes,beginner,28,4,4,none;mat;dumbbells;resistance_band,"Structured 28-day glutes plan with progression, recovery days, and swap options.",Week 1 learn form; Week 2 add volume; Week 3 add challenge; Week 4 deload/test or repeat. Longer plans repeat with small increases.,"Only progress when sessions are pain-free and quality is repeatable; otherwise hold, regress, or rest.","Medical clearance required for pregnancy, postpartum, baby, child, pain, chronic conditions, or advanced high-intensity training.",needs_coach_review,v0.1-safe-seed-2026-06-11
PL0023,Glutes Intermediate 28 Day Plan,general_adult,glutes,intermediate,28,4,4,none;mat;dumbbells;resistance_band,"Structured 28-day glutes plan with progression, recovery days, and swap options.",Week 1 learn form; Week 2 add volume; Week 3 add challenge; Week 4 deload/test or repeat. Longer plans repeat with small increases.,"Only progress when sessions are pain-free and quality is repeatable; otherwise hold, regress, or rest.","Medical clearance required for pregnancy, postpartum, baby, child, pain, chronic conditions, or advanced high-intensity training.",needs_coach_review,v0.1-safe-seed-2026-06-11
PL0024,Glutes Advanced 28 Day Plan,general_adult,glutes,advanced,28,4,4,none;mat;dumbbells;resistance_band,"Structured 28-day glutes plan with progression, recovery days, and swap options.",Week 1 learn form; Week 2 add volume; Week 3 add challenge; Week 4 deload/test or repeat. Longer plans repeat with small increases.,"Only progress when sessions are pain-free and quality is repeatable; otherwise hold, regress, or rest.","Medical clearance required for pregnancy, postpartum, baby, child, pain, chronic conditions, or advanced high-intensity training.",needs_coach_review,v0.1-safe-seed-2026-06-11
PL0025,Upper Body Beginner 28 Day Plan,general_adult,upper_body,beginner,28,4,4,none;mat;dumbbells;resistance_band,"Structured 28-day upper_body plan with progression, recovery days, and swap options.",Week 1 learn form; Week 2 add volume; Week 3 add challenge; Week 4 deload/test or repeat. Longer plans repeat with small increases.,"Only progress when sessions are pain-free and quality is repeatable; otherwise hold, regress, or rest.","Medical clearance required for pregnancy, postpartum, baby, child, pain, chronic conditions, or advanced high-intensity training.",needs_coach_review,v0.1-safe-seed-2026-06-11
PL0026,Upper Body Intermediate 28 Day Plan,general_adult,upper_body,intermediate,28,4,4,none;mat;dumbbells;resistance_band,"Structured 28-day upper_body plan with progression, recovery days, and swap options.",Week 1 learn form; Week 2 add volume; Week 3 add challenge; Week 4 deload/test or repeat. Longer plans repeat with small increases.,"Only progress when sessions are pain-free and quality is repeatable; otherwise hold, regress, or rest.","Medical clearance required for pregnancy, postpartum, baby, child, pain, chronic conditions, or advanced high-intensity training.",needs_coach_review,v0.1-safe-seed-2026-06-11
PL0027,Upper Body Advanced 28 Day Plan,general_adult,upper_body,advanced,28,4,4,none;mat;dumbbells;resistance_band,"Structured 28-day upper_body plan with progression, recovery days, and swap options.",Week 1 learn form; Week 2 add volume; Week 3 add challenge; Week 4 deload/test or repeat. Longer plans repeat with small increases.,"Only progress when sessions are pain-free and quality is repeatable; otherwise hold, regress, or rest.","Medical clearance required for pregnancy, postpartum, baby, child, pain, chronic conditions, or advanced high-intensity training.",needs_coach_review,v0.1-safe-seed-2026-06-11
PL0028,Lower Body Beginner 28 Day Plan,general_adult,lower_body,beginner,28,4,4,none;mat;dumbbells;resistance_band,"Structured 28-day lower_body plan with progression, recovery days, and swap options.",Week 1 learn form; Week 2 add volume; Week 3 add challenge; Week 4 deload/test or repeat. Longer plans repeat with small increases.,"Only progress when sessions are pain-free and quality is repeatable; otherwise hold, regress, or rest.","Medical clearance required for pregnancy, postpartum, baby, child, pain, chronic conditions, or advanced high-intensity training.",needs_coach_review,v0.1-safe-seed-2026-06-11
PL0029,Lower Body Intermediate 28 Day Plan,general_adult,lower_body,intermediate,28,4,4,none;mat;dumbbells;resistance_band,"Structured 28-day lower_body plan with progression, recovery days, and swap options.",Week 1 learn form; Week 2 add volume; Week 3 add challenge; Week 4 deload/test or repeat. Longer plans repeat with small increases.,"Only progress when sessions are pain-free and quality is repeatable; otherwise hold, regress, or rest.","Medical clearance required for pregnancy, postpartum, baby, child, pain, chronic conditions, or advanced high-intensity training.",needs_coach_review,v0.1-safe-seed-2026-06-11
PL0030,Lower Body Advanced 28 Day Plan,general_adult,lower_body,advanced,28,4,4,none;mat;dumbbells;resistance_band,"Structured 28-day lower_body plan with progression, recovery days, and swap options.",Week 1 learn form; Week 2 add volume; Week 3 add challenge; Week 4 deload/test or repeat. Longer plans repeat with small increases.,"Only progress when sessions are pain-free and quality is repeatable; otherwise hold, regress, or rest.","Medical clearance required for pregnancy, postpartum, baby, child, pain, chronic conditions, or advanced high-intensity training.",needs_coach_review,v0.1-safe-seed-2026-06-11
PL0031,Full Body Beginner 28 Day Plan,general_adult,full_body,beginner,28,4,4,none;mat;dumbbells;resistance_band,"Structured 28-day full_body plan with progression, recovery days, and swap options.",Week 1 learn form; Week 2 add volume; Week 3 add challenge; Week 4 deload/test or repeat. Longer plans repeat with small increases.,"Only progress when sessions are pain-free and quality is repeatable; otherwise hold, regress, or rest.","Medical clearance required for pregnancy, postpartum, baby, child, pain, chronic conditions, or advanced high-intensity training.",needs_coach_review,v0.1-safe-seed-2026-06-11
PL0032,Full Body Intermediate 28 Day Plan,general_adult,full_body,intermediate,28,4,4,none;mat;dumbbells;resistance_band,"Structured 28-day full_body plan with progression, recovery days, and swap options.",Week 1 learn form; Week 2 add volume; Week 3 add challenge; Week 4 deload/test or repeat. Longer plans repeat with small increases.,"Only progress when sessions are pain-free and quality is repeatable; otherwise hold, regress, or rest.","Medical clearance required for pregnancy, postpartum, baby, child, pain, chronic conditions, or advanced high-intensity training.",needs_coach_review,v0.1-safe-seed-2026-06-11
PL0033,Full Body Advanced 28 Day Plan,general_adult,full_body,advanced,28,4,4,none;mat;dumbbells;resistance_band,"Structured 28-day full_body plan with progression, recovery days, and swap options.",Week 1 learn form; Week 2 add volume; Week 3 add challenge; Week 4 deload/test or repeat. Longer plans repeat with small increases.,"Only progress when sessions are pain-free and quality is repeatable; otherwise hold, regress, or rest.","Medical clearance required for pregnancy, postpartum, baby, child, pain, chronic conditions, or advanced high-intensity training.",needs_coach_review,v0.1-safe-seed-2026-06-11
PL0034,Walking Beginner 28 Day Plan,general_adult,walking,beginner,28,4,4,none;mat;dumbbells;resistance_band,"Structured 28-day walking plan with progression, recovery days, and swap options.",Week 1 learn form; Week 2 add volume; Week 3 add challenge; Week 4 deload/test or repeat. Longer plans repeat with small increases.,"Only progress when sessions are pain-free and quality is repeatable; otherwise hold, regress, or rest.","Medical clearance required for pregnancy, postpartum, baby, child, pain, chronic conditions, or advanced high-intensity training.",needs_coach_review,v0.1-safe-seed-2026-06-11
PL0035,Walking Intermediate 28 Day Plan,general_adult,walking,intermediate,28,4,4,none;mat;dumbbells;resistance_band,"Structured 28-day walking plan with progression, recovery days, and swap options.",Week 1 learn form; Week 2 add volume; Week 3 add challenge; Week 4 deload/test or repeat. Longer plans repeat with small increases.,"Only progress when sessions are pain-free and quality is repeatable; otherwise hold, regress, or rest.","Medical clearance required for pregnancy, postpartum, baby, child, pain, chronic conditions, or advanced high-intensity training.",needs_coach_review,v0.1-safe-seed-2026-06-11
PL0036,Walking Advanced 28 Day Plan,general_adult,walking,advanced,28,4,4,none;mat;dumbbells;resistance_band,"Structured 28-day walking plan with progression, recovery days, and swap options.",Week 1 learn form; Week 2 add volume; Week 3 add challenge; Week 4 deload/test or repeat. Longer plans repeat with small increases.,"Only progress when sessions are pain-free and quality is repeatable; otherwise hold, regress, or rest.","Medical clearance required for pregnancy, postpartum, baby, child, pain, chronic conditions, or advanced high-intensity training.",needs_coach_review,v0.1-safe-seed-2026-06-11
PL0037,Cycling Beginner 28 Day Plan,general_adult,cycling,beginner,28,4,4,none;mat;dumbbells;resistance_band,"Structured 28-day cycling plan with progression, recovery days, and swap options.",Week 1 learn form; Week 2 add volume; Week 3 add challenge; Week 4 deload/test or repeat. Longer plans repeat with small increases.,"Only progress when sessions are pain-free and quality is repeatable; otherwise hold, regress, or rest.","Medical clearance required for pregnancy, postpartum, baby, child, pain, chronic conditions, or advanced high-intensity training.",needs_coach_review,v0.1-safe-seed-2026-06-11
PL0038,Cycling Intermediate 28 Day Plan,general_adult,cycling,intermediate,28,4,4,none;mat;dumbbells;resistance_band,"Structured 28-day cycling plan with progression, recovery days, and swap options.",Week 1 learn form; Week 2 add volume; Week 3 add challenge; Week 4 deload/test or repeat. Longer plans repeat with small increases.,"Only progress when sessions are pain-free and quality is repeatable; otherwise hold, regress, or rest.","Medical clearance required for pregnancy, postpartum, baby, child, pain, chronic conditions, or advanced high-intensity training.",needs_coach_review,v0.1-safe-seed-2026-06-11
PL0039,Cycling Advanced 28 Day Plan,general_adult,cycling,advanced,28,4,4,none;mat;dumbbells;resistance_band,"Structured 28-day cycling plan with progression, recovery days, and swap options.",Week 1 learn form; Week 2 add volume; Week 3 add challenge; Week 4 deload/test or repeat. Longer plans repeat with small increases.,"Only progress when sessions are pain-free and quality is repeatable; otherwise hold, regress, or rest.","Medical clearance required for pregnancy, postpartum, baby, child, pain, chronic conditions, or advanced high-intensity training.",needs_coach_review,v0.1-safe-seed-2026-06-11
PL0040,Home Strength Beginner 28 Day Plan,general_adult,home_strength,beginner,28,4,4,none;mat;dumbbells;resistance_band,"Structured 28-day home_strength plan with progression, recovery days, and swap options.",Week 1 learn form; Week 2 add volume; Week 3 add challenge; Week 4 deload/test or repeat. Longer plans repeat with small increases.,"Only progress when sessions are pain-free and quality is repeatable; otherwise hold, regress, or rest.","Medical clearance required for pregnancy, postpartum, baby, child, pain, chronic conditions, or advanced high-intensity training.",needs_coach_review,v0.1-safe-seed-2026-06-11
PL0041,Home Strength Intermediate 28 Day Plan,general_adult,home_strength,intermediate,28,4,4,none;mat;dumbbells;resistance_band,"Structured 28-day home_strength plan with progression, recovery days, and swap options.",Week 1 learn form; Week 2 add volume; Week 3 add challenge; Week 4 deload/test or repeat. Longer plans repeat with small increases.,"Only progress when sessions are pain-free and quality is repeatable; otherwise hold, regress, or rest.","Medical clearance required for pregnancy, postpartum, baby, child, pain, chronic conditions, or advanced high-intensity training.",needs_coach_review,v0.1-safe-seed-2026-06-11
PL0042,Home Strength Advanced 28 Day Plan,general_adult,home_strength,advanced,28,4,4,none;mat;dumbbells;resistance_band,"Structured 28-day home_strength plan with progression, recovery days, and swap options.",Week 1 learn form; Week 2 add volume; Week 3 add challenge; Week 4 deload/test or repeat. Longer plans repeat with small increases.,"Only progress when sessions are pain-free and quality is repeatable; otherwise hold, regress, or rest.","Medical clearance required for pregnancy, postpartum, baby, child, pain, chronic conditions, or advanced high-intensity training.",needs_coach_review,v0.1-safe-seed-2026-06-11
PL0043,Gym Strength Beginner 28 Day Plan,general_adult,gym_strength,beginner,28,4,4,none;mat;dumbbells;resistance_band,"Structured 28-day gym_strength plan with progression, recovery days, and swap options.",Week 1 learn form; Week 2 add volume; Week 3 add challenge; Week 4 deload/test or repeat. Longer plans repeat with small increases.,"Only progress when sessions are pain-free and quality is repeatable; otherwise hold, regress, or rest.","Medical clearance required for pregnancy, postpartum, baby, child, pain, chronic conditions, or advanced high-intensity training.",needs_coach_review,v0.1-safe-seed-2026-06-11
PL0044,Gym Strength Intermediate 28 Day Plan,general_adult,gym_strength,intermediate,28,4,4,none;mat;dumbbells;resistance_band,"Structured 28-day gym_strength plan with progression, recovery days, and swap options.",Week 1 learn form; Week 2 add volume; Week 3 add challenge; Week 4 deload/test or repeat. Longer plans repeat with small increases.,"Only progress when sessions are pain-free and quality is repeatable; otherwise hold, regress, or rest.","Medical clearance required for pregnancy, postpartum, baby, child, pain, chronic conditions, or advanced high-intensity training.",needs_coach_review,v0.1-safe-seed-2026-06-11
PL0045,Gym Strength Advanced 28 Day Plan,general_adult,gym_strength,advanced,28,4,4,none;mat;dumbbells;resistance_band,"Structured 28-day gym_strength plan with progression, recovery days, and swap options.",Week 1 learn form; Week 2 add volume; Week 3 add challenge; Week 4 deload/test or repeat. Longer plans repeat with small increases.,"Only progress when sessions are pain-free and quality is repeatable; otherwise hold, regress, or rest.","Medical clearance required for pregnancy, postpartum, baby, child, pain, chronic conditions, or advanced high-intensity training.",needs_coach_review,v0.1-safe-seed-2026-06-11
PL0046,Stretching Beginner 28 Day Plan,general_adult,stretching,beginner,28,4,4,none;mat;dumbbells;resistance_band,"Structured 28-day stretching plan with progression, recovery days, and swap options.",Week 1 learn form; Week 2 add volume; Week 3 add challenge; Week 4 deload/test or repeat. Longer plans repeat with small increases.,"Only progress when sessions are pain-free and quality is repeatable; otherwise hold, regress, or rest.","Medical clearance required for pregnancy, postpartum, baby, child, pain, chronic conditions, or advanced high-intensity training.",needs_coach_review,v0.1-safe-seed-2026-06-11
PL0047,Stretching Intermediate 28 Day Plan,general_adult,stretching,intermediate,28,4,4,none;mat;dumbbells;resistance_band,"Structured 28-day stretching plan with progression, recovery days, and swap options.",Week 1 learn form; Week 2 add volume; Week 3 add challenge; Week 4 deload/test or repeat. Longer plans repeat with small increases.,"Only progress when sessions are pain-free and quality is repeatable; otherwise hold, regress, or rest.","Medical clearance required for pregnancy, postpartum, baby, child, pain, chronic conditions, or advanced high-intensity training.",needs_coach_review,v0.1-safe-seed-2026-06-11
PL0048,Stretching Advanced 28 Day Plan,general_adult,stretching,advanced,28,4,4,none;mat;dumbbells;resistance_band,"Structured 28-day stretching plan with progression, recovery days, and swap options.",Week 1 learn form; Week 2 add volume; Week 3 add challenge; Week 4 deload/test or repeat. Longer plans repeat with small increases.,"Only progress when sessions are pain-free and quality is repeatable; otherwise hold, regress, or rest.","Medical clearance required for pregnancy, postpartum, baby, child, pain, chronic conditions, or advanced high-intensity training.",needs_coach_review,v0.1-safe-seed-2026-06-11
PL0049,Recovery Beginner 28 Day Plan,general_adult,recovery,beginner,28,4,4,none;mat;dumbbells;resistance_band,"Structured 28-day recovery plan with progression, recovery days, and swap options.",Week 1 learn form; Week 2 add volume; Week 3 add challenge; Week 4 deload/test or repeat. Longer plans repeat with small increases.,"Only progress when sessions are pain-free and quality is repeatable; otherwise hold, regress, or rest.","Medical clearance required for pregnancy, postpartum, baby, child, pain, chronic conditions, or advanced high-intensity training.",needs_coach_review,v0.1-safe-seed-2026-06-11
PL0050,Recovery Intermediate 28 Day Plan,general_adult,recovery,intermediate,28,4,4,none;mat;dumbbells;resistance_band,"Structured 28-day recovery plan with progression, recovery days, and swap options.",Week 1 learn form; Week 2 add volume; Week 3 add challenge; Week 4 deload/test or repeat. Longer plans repeat with small increases.,"Only progress when sessions are pain-free and quality is repeatable; otherwise hold, regress, or rest.","Medical clearance required for pregnancy, postpartum, baby, child, pain, chronic conditions, or advanced high-intensity training.",needs_coach_review,v0.1-safe-seed-2026-06-11
PL0051,Recovery Advanced 28 Day Plan,general_adult,recovery,advanced,28,4,4,none;mat;dumbbells;resistance_band,"Structured 28-day recovery plan with progression, recovery days, and swap options.",Week 1 learn form; Week 2 add volume; Week 3 add challenge; Week 4 deload/test or repeat. Longer plans repeat with small increases.,"Only progress when sessions are pain-free and quality is repeatable; otherwise hold, regress, or rest.","Medical clearance required for pregnancy, postpartum, baby, child, pain, chronic conditions, or advanced high-intensity training.",needs_coach_review,v0.1-safe-seed-2026-06-11
PL0052,Athletic Power Beginner 28 Day Plan,general_adult,athletic_power,beginner,28,4,4,none;mat;dumbbells;resistance_band,"Structured 28-day athletic_power plan with progression, recovery days, and swap options.",Week 1 learn form; Week 2 add volume; Week 3 add challenge; Week 4 deload/test or repeat. Longer plans repeat with small increases.,"Only progress when sessions are pain-free and quality is repeatable; otherwise hold, regress, or rest.","Medical clearance required for pregnancy, postpartum, baby, child, pain, chronic conditions, or advanced high-intensity training.",needs_coach_review,v0.1-safe-seed-2026-06-11
PL0053,Athletic Power Intermediate 28 Day Plan,general_adult,athletic_power,intermediate,28,4,4,none;mat;dumbbells;resistance_band,"Structured 28-day athletic_power plan with progression, recovery days, and swap options.",Week 1 learn form; Week 2 add volume; Week 3 add challenge; Week 4 deload/test or repeat. Longer plans repeat with small increases.,"Only progress when sessions are pain-free and quality is repeatable; otherwise hold, regress, or rest.","Medical clearance required for pregnancy, postpartum, baby, child, pain, chronic conditions, or advanced high-intensity training.",needs_coach_review,v0.1-safe-seed-2026-06-11
PL0054,Athletic Power Advanced 28 Day Plan,general_adult,athletic_power,advanced,28,4,4,none;mat;dumbbells;resistance_band,"Structured 28-day athletic_power plan with progression, recovery days, and swap options.",Week 1 learn form; Week 2 add volume; Week 3 add challenge; Week 4 deload/test or repeat. Longer plans repeat with small increases.,"Only progress when sessions are pain-free and quality is repeatable; otherwise hold, regress, or rest.","Medical clearance required for pregnancy, postpartum, baby, child, pain, chronic conditions, or advanced high-intensity training.",needs_coach_review,v0.1-safe-seed-2026-06-11
PL0055,Office Mobility Beginner 28 Day Plan,general_adult,office_mobility,beginner,28,4,4,none;mat;dumbbells;resistance_band,"Structured 28-day office_mobility plan with progression, recovery days, and swap options.",Week 1 learn form; Week 2 add volume; Week 3 add challenge; Week 4 deload/test or repeat. Longer plans repeat with small increases.,"Only progress when sessions are pain-free and quality is repeatable; otherwise hold, regress, or rest.","Medical clearance required for pregnancy, postpartum, baby, child, pain, chronic conditions, or advanced high-intensity training.",needs_coach_review,v0.1-safe-seed-2026-06-11
PL0056,Office Mobility Intermediate 28 Day Plan,general_adult,office_mobility,intermediate,28,4,4,none;mat;dumbbells;resistance_band,"Structured 28-day office_mobility plan with progression, recovery days, and swap options.",Week 1 learn form; Week 2 add volume; Week 3 add challenge; Week 4 deload/test or repeat. Longer plans repeat with small increases.,"Only progress when sessions are pain-free and quality is repeatable; otherwise hold, regress, or rest.","Medical clearance required for pregnancy, postpartum, baby, child, pain, chronic conditions, or advanced high-intensity training.",needs_coach_review,v0.1-safe-seed-2026-06-11
PL0057,Office Mobility Advanced 28 Day Plan,general_adult,office_mobility,advanced,28,4,4,none;mat;dumbbells;resistance_band,"Structured 28-day office_mobility plan with progression, recovery days, and swap options.",Week 1 learn form; Week 2 add volume; Week 3 add challenge; Week 4 deload/test or repeat. Longer plans repeat with small increases.,"Only progress when sessions are pain-free and quality is repeatable; otherwise hold, regress, or rest.","Medical clearance required for pregnancy, postpartum, baby, child, pain, chronic conditions, or advanced high-intensity training.",needs_coach_review,v0.1-safe-seed-2026-06-11
PL0058,Travel Fitness Beginner 28 Day Plan,general_adult,travel_fitness,beginner,28,4,4,none;mat;dumbbells;resistance_band,"Structured 28-day travel_fitness plan with progression, recovery days, and swap options.",Week 1 learn form; Week 2 add volume; Week 3 add challenge; Week 4 deload/test or repeat. Longer plans repeat with small increases.,"Only progress when sessions are pain-free and quality is repeatable; otherwise hold, regress, or rest.","Medical clearance required for pregnancy, postpartum, baby, child, pain, chronic conditions, or advanced high-intensity training.",needs_coach_review,v0.1-safe-seed-2026-06-11
PL0059,Travel Fitness Intermediate 28 Day Plan,general_adult,travel_fitness,intermediate,28,4,4,none;mat;dumbbells;resistance_band,"Structured 28-day travel_fitness plan with progression, recovery days, and swap options.",Week 1 learn form; Week 2 add volume; Week 3 add challenge; Week 4 deload/test or repeat. Longer plans repeat with small increases.,"Only progress when sessions are pain-free and quality is repeatable; otherwise hold, regress, or rest.","Medical clearance required for pregnancy, postpartum, baby, child, pain, chronic conditions, or advanced high-intensity training.",needs_coach_review,v0.1-safe-seed-2026-06-11
PL0060,Travel Fitness Advanced 28 Day Plan,general_adult,travel_fitness,advanced,28,4,4,none;mat;dumbbells;resistance_band,"Structured 28-day travel_fitness plan with progression, recovery days, and swap options.",Week 1 learn form; Week 2 add volume; Week 3 add challenge; Week 4 deload/test or repeat. Longer plans repeat with small increases.,"Only progress when sessions are pain-free and quality is repeatable; otherwise hold, regress, or rest.","Medical clearance required for pregnancy, postpartum, baby, child, pain, chronic conditions, or advanced high-intensity training.",needs_coach_review,v0.1-safe-seed-2026-06-11
PL0061,No Equipment Beginner 28 Day Plan,general_adult,no_equipment,beginner,28,4,4,none;mat;dumbbells;resistance_band,"Structured 28-day no_equipment plan with progression, recovery days, and swap options.",Week 1 learn form; Week 2 add volume; Week 3 add challenge; Week 4 deload/test or repeat. Longer plans repeat with small increases.,"Only progress when sessions are pain-free and quality is repeatable; otherwise hold, regress, or rest.","Medical clearance required for pregnancy, postpartum, baby, child, pain, chronic conditions, or advanced high-intensity training.",needs_coach_review,v0.1-safe-seed-2026-06-11
PL0062,No Equipment Intermediate 28 Day Plan,general_adult,no_equipment,intermediate,28,4,4,none;mat;dumbbells;resistance_band,"Structured 28-day no_equipment plan with progression, recovery days, and swap options.",Week 1 learn form; Week 2 add volume; Week 3 add challenge; Week 4 deload/test or repeat. Longer plans repeat with small increases.,"Only progress when sessions are pain-free and quality is repeatable; otherwise hold, regress, or rest.","Medical clearance required for pregnancy, postpartum, baby, child, pain, chronic conditions, or advanced high-intensity training.",needs_coach_review,v0.1-safe-seed-2026-06-11
PL0063,No Equipment Advanced 28 Day Plan,general_adult,no_equipment,advanced,28,4,4,none;mat;dumbbells;resistance_band,"Structured 28-day no_equipment plan with progression, recovery days, and swap options.",Week 1 learn form; Week 2 add volume; Week 3 add challenge; Week 4 deload/test or repeat. Longer plans repeat with small increases.,"Only progress when sessions are pain-free and quality is repeatable; otherwise hold, regress, or rest.","Medical clearance required for pregnancy, postpartum, baby, child, pain, chronic conditions, or advanced high-intensity training.",needs_coach_review,v0.1-safe-seed-2026-06-11
